,MAE,MedAE,MAPE,r2
ext_quant_avg_force,1.8253,0.8747,0.3912,0.0478
ext_quant_curves,1.7326,0.8414,3.3105,0.0545
ext_quant_max_force,4.3615,1.3989,0.5009,-0.4591
ext_quant_std_force,0.887,0.2213,0.911,-2.66
microgel_init_size,57.5094,32.5828,0.2313,0.7648
microgel_jamming_curves,0.0994,0.0813,0.1633,0.2927
microgel_size_evolution,69.2724,45.8086,0.2356,0.786
rheo_osc_plateau_loss,143.4967,26.8989,5.4353,0.4132
rheo_osc_plateau_storage,794.2258,263.1783,3.818,0.3632
rheo_osc_strain_loss_curves,144.6179,30.0713,4.6181,0.5011
rheo_osc_strain_storage_curves,741.8846,204.5528,5.7285,0.488
rheo_osc_stress_loss_curves,143.9307,32.0192,4.3762,0.5467
rheo_osc_stress_storage_curves,755.6332,212.1245,7.0107,0.5396
rheo_osc_yield_strain,7.8238,6.0491,0.7994,0.3075
rheo_osc_yield_stress,67.3775,22.9914,4.6592,0.2446
rheo_rot_shear_curves,1.2075,1.0116,0.7089,0.56
rheo_rot_yield,98.3263,43.6929,8.5363,-0.2617
