,mean_pred_MAE,median_pred_MAE,best_model_median_MAE
ext_quant_avg_force,2.2768,1.9631,1.8253
ext_quant_curves,2.1492,1.9304,1.7326
ext_quant_max_force,5.5316,4.2456,4.3615
ext_quant_std_force,1.095,0.7637,0.887
microgel_init_size,188.1601,185.5702,57.5094
microgel_jamming_curves,0.1187,0.1139,0.0994
microgel_size_evolution,197.7942,197.6824,69.2724
rheo_osc_plateau_loss,269.8571,187.0014,143.4967
rheo_osc_plateau_storage,1262.0053,1004.4283,794.2258
rheo_osc_strain_loss_curves,307.4445,220.469,144.6179
rheo_osc_strain_storage_curves,1393.3929,1100.6971,741.8846
rheo_osc_stress_loss_curves,307.4445,220.469,143.9307
rheo_osc_stress_storage_curves,1393.3929,1100.6971,755.6332
rheo_osc_yield_strain,10.028,9.7254,7.8238
rheo_osc_yield_stress,95.1471,76.433,67.3775
rheo_rot_shear_curves,1.9391,1.9322,1.2075
rheo_rot_yield,123.8105,92.4561,98.3263
